{"stats":{"minecraft:picked_up":{"minecraft:apple":1,"twigs:twig":1},"minecraft:custom":{"minecraft:jump":170,"minecraft:time_since_rest":28497,"minecraft:damage_dealt":70,"minecraft:crouch_one_cm":4338,"minecraft:sprint_one_cm":3682,"minecraft:play_time":28497,"minecraft:time_since_death":28497,"minecraft:walk_one_cm":109121,"minecraft:sneak_time":1548,"minecraft:total_world_time":28497,"minecraft:fly_one_cm":22111},"minecraft:used":{"minecraft:light_blue_wool":2,"regions_unexplored:glowing_blue_bioshroom_block":31,"minecraft:polished_blackstone_bricks":109,"minecraft:polished_blackstone_brick_wall":45,"supplementaries:lapis_bricks":30,"minecraft:polished_blackstone_brick_stairs":244,"minecraft:light_blue_stained_glass":44,"supplementaries:lapis_bricks_stairs":70}},"DataVersion":3465}