{"stats":{"minecraft:picked_up":{"biomesoplenty:toadstool":2,"minecraft:leather":5,"minecraft:lead":6,"chilibulletweapons:curved_chili":1,"biomesoplenty:orange_autumn_sapling":12,"rats:rat_pelt":1,"rats:raw_rat":2,"rats:contaminated_food":1,"aoa3:luxon_stickler":1,"minecraft:apple":1,"cyclic:flower_purple_tulip":4,"minecraft:wheat_seeds":1,"aoa3:light_blaster":2,"minecraft:emerald":5,"minecraft:oak_sapling":5,"twigs:twig":9},"minecraft:killed":{"siren_head:siren_head":1,"minecraft:trader_llama":6,"minecraft:wandering_trader":2,"rats:plague_doctor":1,"rats:rat":2},"minecraft:dropped":{"aoa3:luxon_stickler":1},"minecraft:custom":{"minecraft:time_since_rest":170697,"minecraft:sprint_one_cm":22502,"minecraft:walk_one_cm":230185,"minecraft:mob_kills":12,"minecraft:drop":1,"minecraft:damage_dealt":9535,"minecraft:fly_one_cm":181260,"minecraft:talked_to_villager":3,"minecraft:crouch_one_cm":17718,"minecraft:play_time":170697,"minecraft:sneak_time":5801,"minecraft:jump":351,"minecraft:damage_dealt_resisted":0,"minecraft:leave_game":2,"minecraft:time_since_death":170697,"minecraft:total_world_time":170697},"minecraft:used":{"minecraft:netherite_sword":152,"supplementaries:lapis_bricks":30,"minecraft:cornflower":69,"minecraft:grass_block":110,"minecraft:blue_orchid":54,"regions_unexplored:glowing_blue_bioshroom_block":105,"minecraft:polished_blackstone_brick_wall":79,"quark:blue_blossom_leaves":506,"minecraft:polished_blackstone_brick_stairs":244,"minecraft:warped_sign":1,"quark:blue_blossom_sapling":5,"supplementaries:lapis_bricks_stairs":189,"minecraft:glow_ink_sac":1,"minecraft:polished_blackstone_bricks":109,"aoa3:luxon_stickler":2,"minecraft:light_blue_wool":6,"aoa3:light_blaster":16,"minecraft:light_blue_stained_glass":74,"minecraft:bone_meal":45}},"DataVersion":3465}