{"stats":{"minecraft:picked_up":{"twigs:twig":1},"minecraft:custom":{"minecraft:jump":71,"minecraft:time_since_rest":16497,"minecraft:damage_dealt":40,"minecraft:crouch_one_cm":22,"minecraft:sprint_one_cm":404,"minecraft:play_time":16497,"minecraft:time_since_death":16497,"minecraft:walk_one_cm":48343,"minecraft:sneak_time":625,"minecraft:total_world_time":16497,"minecraft:fly_one_cm":1670},"minecraft:used":{"minecraft:light_blue_wool":2,"regions_unexplored:glowing_blue_bioshroom_block":14,"minecraft:polished_blackstone_bricks":55,"minecraft:polished_blackstone_brick_wall":8,"minecraft:polished_blackstone_brick_stairs":107,"supplementaries:lapis_bricks_stairs":70}},"DataVersion":3465}