{"stats":{"minecraft:picked_up":{"biomesoplenty:toadstool":2,"minecraft:apple":1,"minecraft:leather":4,"cyclic:flower_purple_tulip":3,"minecraft:lead":4,"minecraft:wheat_seeds":1,"chilibulletweapons:curved_chili":1,"minecraft:emerald":3,"twigs:twig":1},"minecraft:killed":{"siren_head:siren_head":1,"minecraft:trader_llama":5,"minecraft:wandering_trader":2},"minecraft:custom":{"minecraft:time_since_rest":52497,"minecraft:crouch_one_cm":15973,"minecraft:play_time":52497,"minecraft:sprint_one_cm":7609,"minecraft:walk_one_cm":165003,"minecraft:sneak_time":4919,"minecraft:mob_kills":8,"minecraft:damage_dealt_resisted":0,"minecraft:jump":226,"minecraft:damage_dealt":9535,"minecraft:time_since_death":52497,"minecraft:total_world_time":52497,"minecraft:talked_to_villager":1,"minecraft:fly_one_cm":129258},"minecraft:used":{"minecraft:polished_blackstone_bricks":109,"minecraft:netherite_sword":152,"supplementaries:lapis_bricks":30,"minecraft:grass_block":110,"minecraft:light_blue_wool":6,"regions_unexplored:glowing_blue_bioshroom_block":105,"minecraft:polished_blackstone_brick_wall":79,"quark:blue_blossom_leaves":506,"minecraft:polished_blackstone_brick_stairs":244,"minecraft:light_blue_stained_glass":74,"supplementaries:lapis_bricks_stairs":189}},"DataVersion":3465}