{"stats":{"minecraft:picked_up":{"biomesoplenty:toadstool":2,"aoa3:luxon_stickler":1,"minecraft:apple":1,"minecraft:leather":5,"cyclic:flower_purple_tulip":4,"minecraft:lead":4,"minecraft:wheat_seeds":1,"chilibulletweapons:curved_chili":1,"biomesoplenty:orange_autumn_sapling":12,"minecraft:emerald":5,"minecraft:oak_sapling":5,"twigs:twig":9},"minecraft:killed":{"siren_head:siren_head":1,"minecraft:trader_llama":6,"minecraft:wandering_trader":2},"minecraft:custom":{"minecraft:time_since_rest":166497,"minecraft:crouch_one_cm":17087,"minecraft:play_time":166497,"minecraft:sprint_one_cm":19518,"minecraft:walk_one_cm":218500,"minecraft:sneak_time":5233,"minecraft:mob_kills":9,"minecraft:damage_dealt_resisted":0,"minecraft:jump":322,"minecraft:damage_dealt":9535,"minecraft:time_since_death":166497,"minecraft:total_world_time":166497,"minecraft:talked_to_villager":1,"minecraft:fly_one_cm":174345},"minecraft:used":{"minecraft:polished_blackstone_bricks":109,"aoa3:luxon_stickler":2,"minecraft:cornflower":69,"minecraft:netherite_sword":152,"supplementaries:lapis_bricks":30,"minecraft:blue_orchid":54,"minecraft:grass_block":110,"minecraft:light_blue_wool":6,"regions_unexplored:glowing_blue_bioshroom_block":105,"minecraft:polished_blackstone_brick_wall":79,"quark:blue_blossom_leaves":506,"minecraft:polished_blackstone_brick_stairs":244,"quark:blue_blossom_sapling":5,"minecraft:light_blue_stained_glass":74,"minecraft:warped_sign":1,"minecraft:bone_meal":45,"supplementaries:lapis_bricks_stairs":189}},"DataVersion":3465}