{"stats":{"minecraft:picked_up":{"biomesoplenty:toadstool":2,"minecraft:apple":1,"minecraft:leather":4,"cyclic:flower_purple_tulip":4,"minecraft:lead":4,"minecraft:wheat_seeds":1,"chilibulletweapons:curved_chili":1,"biomesoplenty:orange_autumn_sapling":12,"minecraft:emerald":3,"minecraft:oak_sapling":5,"twigs:twig":9},"minecraft:killed":{"siren_head:siren_head":1,"minecraft:trader_llama":5,"minecraft:wandering_trader":2},"minecraft:custom":{"minecraft:time_since_rest":76497,"minecraft:crouch_one_cm":16602,"minecraft:play_time":76497,"minecraft:sprint_one_cm":12398,"minecraft:walk_one_cm":187210,"minecraft:sneak_time":5127,"minecraft:mob_kills":8,"minecraft:damage_dealt_resisted":0,"minecraft:jump":289,"minecraft:damage_dealt":9535,"minecraft:time_since_death":76497,"minecraft:total_world_time":76497,"minecraft:talked_to_villager":1,"minecraft:fly_one_cm":156693},"minecraft:used":{"minecraft:polished_blackstone_bricks":109,"minecraft:cornflower":2,"minecraft:netherite_sword":152,"supplementaries:lapis_bricks":30,"minecraft:blue_orchid":48,"minecraft:grass_block":110,"minecraft:light_blue_wool":6,"regions_unexplored:glowing_blue_bioshroom_block":105,"minecraft:polished_blackstone_brick_wall":79,"quark:blue_blossom_leaves":506,"minecraft:polished_blackstone_brick_stairs":244,"quark:blue_blossom_sapling":5,"minecraft:light_blue_stained_glass":74,"minecraft:bone_meal":20,"supplementaries:lapis_bricks_stairs":189}},"DataVersion":3465}