{"stats":{"minecraft:picked_up":{"minecraft:wheat_seeds":4,"chilibulletweapons:curved_chili":5,"doggytalents:rice_grains":7,"alexsmobs:maggot":1},"minecraft:killed":{"creeperoverhaul:spruce_creeper":1,"minecraft:sheep":1,"minecraft:skeleton":2,"alexsmobs:fly":1,"minecraft:zombie":1,"minecraft:bee":1},"minecraft:dropped":{"undergarden:cloggrum_bars":1,"alexsmobs:maggot":1,"chilibulletweapons:gun":2,"minecraft:grass_block":1},"minecraft:custom":{"minecraft:time_since_rest":6548,"minecraft:play_time":73646,"minecraft:crouch_one_cm":17741,"lootr:looted_stat":3,"minecraft:sprint_one_cm":29288,"minecraft:damage_taken":480,"minecraft:deaths":2,"minecraft:walk_one_cm":113072,"minecraft:sneak_time":12100,"minecraft:mob_kills":7,"minecraft:drop":5,"minecraft:jump":138,"minecraft:leave_game":2,"minecraft:time_since_death":6509,"minecraft:total_world_time":73646,"minecraft:talked_to_villager":2,"minecraft:fall_one_cm":6496,"minecraft:fly_one_cm":702470},"minecraft:used":{"aoa3:atomizer":6,"minecraft:grass_block":71,"aoa3:chilli_chugger":32,"undergarden:cloggrum_bars":121,"torchmaster:megatorch":2}},"DataVersion":3465}