{"stats":{"minecraft:killed":{"creeperoverhaul:spruce_creeper":1,"minecraft:sheep":1,"minecraft:skeleton":2,"alexsmobs:fly":1,"minecraft:zombie":1},"minecraft:picked_up":{"minecraft:wheat_seeds":4,"chilibulletweapons:curved_chili":5,"doggytalents:rice_grains":7,"alexsmobs:maggot":1},"minecraft:used":{"aoa3:atomizer":6,"minecraft:grass_block":71,"aoa3:chilli_chugger":32,"undergarden:cloggrum_bars":121,"torchmaster:megatorch":2},"minecraft:custom":{"minecraft:time_since_rest":39217,"minecraft:crouch_one_cm":1194,"minecraft:play_time":39217,"lootr:looted_stat":3,"minecraft:sprint_one_cm":15170,"minecraft:walk_one_cm":88426,"minecraft:sneak_time":3362,"minecraft:mob_kills":6,"minecraft:jump":52,"minecraft:leave_game":1,"minecraft:time_since_death":39217,"minecraft:total_world_time":39217,"minecraft:fly_one_cm":261847}},"DataVersion":3465}