{"stats":{"minecraft:picked_up":{"minecraft:wheat_seeds":4,"chilibulletweapons:curved_chili":5,"doggytalents:rice_grains":7},"minecraft:used":{"undergarden:cloggrum_bars":88,"torchmaster:megatorch":2,"minecraft:grass_block":71},"minecraft:custom":{"minecraft:jump":26,"minecraft:time_since_rest":27217,"lootr:looted_stat":3,"minecraft:crouch_one_cm":1194,"minecraft:sprint_one_cm":6260,"minecraft:leave_game":1,"minecraft:play_time":27217,"minecraft:time_since_death":27217,"minecraft:walk_one_cm":58886,"minecraft:sneak_time":3362,"minecraft:total_world_time":27217,"minecraft:fly_one_cm":252186}},"DataVersion":3465}