{"stats":{"minecraft:picked_up":{"chilibulletweapons:curved_chili":5,"doggytalents:rice_grains":7,"aoa3:luxon_stickler":1,"minecraft:wheat_seeds":4,"alexsmobs:maggot":1},"minecraft:killed":{"minecraft:sheep":1,"minecraft:skeleton":2,"minecraft:zombie":1,"minecraft:bee":1,"creeperoverhaul:spruce_creeper":1,"alexsmobs:fly":1,"minecraft:wandering_trader":1},"minecraft:dropped":{"undergarden:cloggrum_bars":1,"alexsmobs:maggot":1,"chilibulletweapons:gun":2,"aoa3:luxon_stickler":1,"aoa3:light_blaster":2,"minecraft:grass_block":1},"minecraft:custom":{"minecraft:time_since_rest":53063,"minecraft:sprint_one_cm":69606,"lootr:looted_stat":3,"minecraft:damage_taken":480,"minecraft:walk_one_cm":202924,"minecraft:mob_kills":8,"minecraft:drop":8,"minecraft:talked_to_villager":5,"minecraft:fly_one_cm":998759,"minecraft:crouch_one_cm":19475,"minecraft:play_time":238595,"minecraft:deaths":3,"minecraft:sneak_time":12594,"minecraft:jump":470,"minecraft:leave_game":3,"minecraft:time_since_death":118930,"minecraft:sleep_in_bed":1,"minecraft:total_world_time":238595,"minecraft:fall_one_cm":6496},"minecraft:used":{"minecraft:black_concrete":26,"minecraft:grass_block":75,"candlelight:hearth":3,"minepop:minepop_steve":1,"aoa3:luxon_stickler":3,"aoa3:atomizer":6,"minecraft:light_blue_concrete":65,"aoa3:chilli_chugger":32,"minecraft:white_bed":1,"undergarden:cloggrum_bars":121,"torchmaster:megatorch":6,"quark:paper_wall_sakura":2}},"DataVersion":3465}