{"stats":{"minecraft:picked_up":{"minecraft:wheat_seeds":4,"chilibulletweapons:curved_chili":5,"doggytalents:rice_grains":7,"alexsmobs:maggot":1},"minecraft:killed":{"creeperoverhaul:spruce_creeper":1,"minecraft:sheep":1,"minecraft:skeleton":2,"alexsmobs:fly":1,"minecraft:zombie":1,"minecraft:bee":1},"minecraft:dropped":{"undergarden:cloggrum_bars":1,"alexsmobs:maggot":1,"chilibulletweapons:gun":2,"minecraft:grass_block":1},"minecraft:custom":{"minecraft:time_since_rest":50019,"minecraft:play_time":169646,"minecraft:crouch_one_cm":18177,"lootr:looted_stat":3,"minecraft:sprint_one_cm":50296,"minecraft:damage_taken":480,"minecraft:deaths":3,"minecraft:walk_one_cm":150912,"minecraft:sneak_time":12193,"minecraft:mob_kills":7,"minecraft:drop":5,"minecraft:jump":257,"minecraft:leave_game":2,"minecraft:time_since_death":49981,"minecraft:total_world_time":169646,"minecraft:talked_to_villager":2,"minecraft:fall_one_cm":6496,"minecraft:fly_one_cm":764277},"minecraft:used":{"aoa3:atomizer":6,"minecraft:grass_block":75,"candlelight:hearth":1,"aoa3:chilli_chugger":32,"undergarden:cloggrum_bars":121,"torchmaster:megatorch":6,"quark:paper_wall_sakura":2}},"DataVersion":3465}